channel,handle_or_id,subs,type,best_city_video,best_views,outlier,notes
History Tab Open,UCKWRnsyYbPFgWclCF0_yOTw,5100,reference (countries),The ENTIRE History of Israel in 10 Minutes,1075000,4.2,18 days old; AI illustrated + maps; RPM ~4.03
This Is History,UCcJyQ5dihoKAKwk2aRi-CQw,311000,direct big,The Entire History of Jerusalem,2300000,2.4,also London 1.5M Paris 949K Istanbul 471K NYC 1.27M
Majestic Studios,UC0ra0vN_iF5AwwU7G8q79rw,237000,direct big,The Entire History of London in 24 Minutes,3200000,3.5,AI reconstruction of paintings; Paris 1.5M York 1M Manchester 539K
Historically,UCoZd78hRUdxxsuGiABuHF_A,1530000,direct big,The ENTIRE History of ROME [NO AI],9200000,1.6,hand animation
Knowledgia,UCuCuEKq1xuRA0dFQj1qg9-Q,2200000,format origin,THE HISTORY OF THE UNITED STATES in 10 minutes,4031504,,in-10-minutes format
History Matters,UC22BdTgxefuvUivrjesETjg,1920000,format origin,When did Constantinople become Istanbul?,1309596,,short animated
Empires Reconstructed,UCAYM3gdjwLdNYRUTDoDEk7A,3980,small growing,The Entire History of Jerusalem in 30 Minutes,657512,4.0,AI visuals
Midtown History,UC3qwLJfv34PEcI_OV5WHN0Q,6330,small growing,Entire History of Brisbane (AI reconstruction),269000,5.0,LA 223K Sydney 123K Melbourne 120K
Thomas Relives History,UCeaJ37P2B1QUGgsI0RyFugw,33200,small growing,The Entire History of the Las Vegas Strip in 20 Minutes,646000,9.5,Venice construction 474K
Lost British Cities,UC27rIYEr46EU4jFrKd98YBQ,18600,angle,How One Gangster Secretly Ran Europe's Biggest Vacation Empire: Tenerife,295000,9.5,rise-and-fall angle; RPM ~5.9; ~$7.4K/mo
Cevo Films,UCfVlOrjXRSp8LCPNtQpA3Kg,3330,small growing,A Tour of Babylon in 570 BC,478194,22.6,ancient city tour
History Unwalled,UC7lSvMZ4xHbj_P_sUpoFxmg,18600,small growing,The Entire History of Nineveh,423664,,Cyrus/Babylon 788K (20x)
Arthur Revives the Past,UCJC35B558iY_ljm6RwRlkcg,55900,small growing,London 1300: The Apocalypse Happened in 1348,1273699,9.0,Pompeii 648K
The Omitted Age,UCwgBnCSSfU4RCuLIXCuk7Dg,5200,angle,Seattle Was Raised 22 Feet in 1907,468385,86.3,single shocking fact
TimeLoop Channel,UCxW_dx39H1gJ6DabzRf33mw,7870,format,Evolution of New York | Fixed Camera Timelapse,841748,10.4,same-spot timelapse
Paul McAllister,UCdKg7c7M8mpavVhr0jIrsGg,103000,angle,How America's Richest City Per Capita Became a Ghost: Buffalo,303750,3.2,US rise and fall
Echoes Through Time,UCK3MIkJoJEZ0aZ7e8cM2B8Q,3260,small growing,The History of Birmingham (AI Reconstruction),214029,2.8,
Charles VS The Past,UCaWj2ql_J2M7Dqd78B5U7yQ,9700,small growing,The Entire History of Liverpool (AI Reconstruction),130310,14.8,
Gilded Metropolis,UCgTeXVnLFvLPOlLdhVrXYPg,7620,high RPM,The Rise and Fall of Gilded Age Manhattan,159572,6.9,RPM ~8.05
The Past Rendered,UC2YRJWG-tEaMM2NP8d0NkgQ,12500,small growing,San Francisco in the 1800 (AI Reconstruction),143327,2.0,
Geschichte. Lebt.,UCAfTvAbVljmMPdiTezwLsBA,16000,German,Die gesamte Geschichte Berlins in 12 Minuten,250194,3.1,proves Berlin demand
CityWise,UC1M6Y9ex8Fq4kqymrQd5eNw,10200,niche,,,,~$2.3K/mo
timewarp cities,UCpr1JAIc49gu9-FAlO4uAKw,56300,niche,What a roman day looked like,261751,4.8,
Daniel Steiner,UC8SFW_mlVgbHO955hl6Tfvw,355000,niche,,,,~$7.6K/mo
Cogito,UCKMnl27hDMKvch--noWe5CA,,big,The History Of Baghdad: The Medieval World's Greatest City,930520,,4 years old - Baghdad gap
Epic History,UCvPXiKxH-eH9xq-80vpgmKQ,,big,A Complete History of Venice,1446577,,
